approxkl,clipfrac,eplenmean,eprewmean,explained_variance,fps,nupdates,policy_entropy,policy_loss,serial_timesteps,time_elapsed,total_timesteps,value_loss
0.0021683602,0.01977539,26.205128205128204,0.09877973076923037,0.005864202976226807,1122,1,11.352205,-0.009220621,2048,1.8630168437957764,2048,59.549934
0.0013365437,0.0078125,61.15151515151515,47.608381242424244,0.05352503061294556,1055,10,11.303277,-0.0059213242,20480,18.88850975036621,20480,92.25236
0.00034129614,0.0,82.44,121.65530228000002,0.05704408884048462,1025,20,11.27336,-0.0007188894,40960,38.51103925704956,40960,266.18323
0.00032918114,0.00024414062,69.5,124.77647253333335,0.05696547031402588,840,30,11.261649,-0.0021595038,61440,59.89086937904358,61440,299.12793
0.0009860469,0.0012207031,67.03225806451613,134.72526629032257,0.015176713466644287,920,40,11.20836,-0.0012592901,81920,81.65966033935547,81920,296.03128
0.0034514847,0.036010742,68.36666666666666,155.2574758333334,-0.004717350006103516,991,50,11.184668,-0.0014190627,102400,102.50990653038025,102400,396.25684
0.00084018253,0.0015869141,89.95454545454545,188.44031300000003,-0.009139776229858398,944,60,11.150067,-0.0009758477,122880,125.53385138511658,122880,344.5752
0.00045567827,0.0,97.47619047619048,211.1510878095238,9.942054748535156e-05,827,70,11.133117,-0.00014172253,143360,147.9828233718872,143360,362.61682
0.0008812806,0.0007324219,86.34782608695652,191.5328857826087,-0.002418041229248047,887,80,11.1273985,-0.0009024054,163840,169.6179711818695,163840,354.01932
0.00016622293,0.00012207031,96.76190476190476,203.78782857142855,0.0006887912750244141,1053,90,11.117112,-0.0011388054,184320,190.1570496559143,184320,305.6641
7.305099e-05,0.0,79.92,178.29050447999998,0.0007816553115844727,1025,100,11.100158,-0.00053041044,204800,211.12298727035522,204800,309.3199
0.0001776852,0.00012207031,80.46428571428571,177.4223797142857,-0.0007826089859008789,1039,110,11.086259,-0.0016238894,225280,231.22224235534668,225280,299.92206
9.671593e-05,0.0,81.72,176.02677788,0.001453995704650879,962,120,11.078388,-0.0015082771,245760,251.47209334373474,245760,257.95914
0.00014729622,0.00012207031,92.4090909090909,182.7407669090909,0.0015462040901184082,877,130,11.071941,-0.0013080171,266240,273.68070816993713,266240,234.67079
0.00013185584,0.0,75.70370370370371,179.22134111111112,2.5391578674316406e-05,917,140,11.056303,-0.0009171383,286720,297.60112047195435,286720,286.764
8.860878e-05,0.0,76.5925925925926,176.70169962962967,0.0003656148910522461,1032,150,11.050474,-0.0009176739,307200,318.2439591884613,307200,267.4819
0.00022238007,0.0,71.93103448275862,168.6142698275862,-0.00020170211791992188,1031,160,11.050439,-0.0014369078,327680,339.10358691215515,327680,263.9571
0.00023582712,0.0,68.86666666666666,158.74543459999998,0.00010532140731811523,1043,170,11.054454,-0.0015643545,348160,359.31553983688354,348160,241.473
0.00029014357,0.0,71.37931034482759,165.22633879310345,0.0001271367073059082,1004,180,11.050304,-0.0016371815,368640,379.18042159080505,368640,244.40567
0.00046652212,0.0009765625,68.8,160.6317015666667,-9.1552734375e-05,914,190,11.042856,-0.0033288803,389120,399.4581997394562,389120,244.96082
0.00033618003,0.00024414062,68.6,161.15812056666667,0.0001455545425415039,1014,200,11.045131,-0.0020719878,409600,419.5744092464447,409600,247.392
0.0010235651,0.0034179688,68.0,162.0238354193548,0.0002880692481994629,1003,210,11.054454,-0.004108647,430080,441.01009011268616,430080,261.68356
0.0011306136,0.0063476562,77.03703703703704,174.49032044444445,0.011422812938690186,998,220,11.047785,-0.003781993,450560,461.55016708374023,450560,240.49158
0.00078770914,0.00036621094,72.92857142857143,169.24012632142856,0.1305755376815796,1019,230,11.019229,-0.001447564,471040,481.6984806060791,471040,231.52492
0.00094134704,0.003540039,70.55172413793103,167.19633451724138,0.28733986616134644,932,240,11.030696,-0.0026189466,491520,501.78134059906006,491520,211.22302
0.0006843247,0.00048828125,74.60714285714286,174.40335289285716,0.4626253843307495,956,250,11.036893,-0.0024375226,512000,523.7718379497528,512000,175.86098
0.000735331,0.0009765625,72.5,168.73504835714292,0.5553754270076752,993,260,11.038379,-0.0012226219,532480,544.7956206798553,532480,152.77887
0.0006810636,0.0009765625,71.06896551724138,166.68469596551725,0.6800252199172974,987,270,11.039345,-0.0019007904,552960,565.1432106494904,552960,122.75872
0.0006305302,0.00036621094,101.8,209.89463269999996,0.6402396261692047,1017,280,11.022165,-0.0025519598,573440,585.1227867603302,573440,119.07327
0.0008959776,0.0007324219,120.11764705882354,235.27780952941177,0.42993229627609253,1003,290,11.027552,-0.002899665,593920,605.2070808410645,593920,156.52232
0.001092409,0.0030517578,144.125,264.1974120625,0.4425799250602722,973,300,11.005665,-0.003149637,614400,626.3290042877197,614400,150.74658
0.00086756865,0.002319336,125.8,247.14643880000003,0.581291526556015,969,310,10.990477,-0.0036574188,634880,647.4944076538086,634880,130.0241
0.0010824322,0.0034179688,98.52941176470588,201.22389711764703,0.566898375749588,763,320,10.996985,-0.0028387937,655360,670.7108364105225,655360,116.78929
0.0013111522,0.006958008,140.26666666666668,265.0503963333333,0.7455401718616486,992,330,10.975406,-0.0043690023,675840,692.0537660121918,675840,88.407936
0.0012374199,0.004638672,143.64285714285714,263.52334942857146,0.6853145658969879,1020,340,10.946785,-0.0035064747,696320,712.6776173114777,696320,97.187874
0.0024707033,0.022338867,164.33333333333334,282.2299558333333,0.7472902536392212,1003,350,10.934356,-0.005707988,716800,733.741085767746,716800,74.61835
0.0029392042,0.029663086,229.77777777777777,341.23744711111107,0.45100754499435425,891,360,10.90181,-0.0055496963,737280,755.2376041412354,737280,100.521355
0.0020043317,0.015258789,237.0,366.86573455555555,0.8044746816158295,824,370,10.911006,-0.0044483584,757760,778.0685546398163,757760,52.72444
0.0019957053,0.010131836,352.5,473.53903149999996,0.6969905197620392,1010,380,10.891552,-0.0029064356,778240,799.6912648677826,778240,60.83468
0.001147184,0.0040283203,303.2857142857143,425.5650938571428,0.8222224414348602,995,390,10.832679,-0.002081644,798720,820.8726263046265,798720,41.863163
0.0015221632,0.010131836,239.0,363.428378875,0.8377125114202499,972,400,10.822016,-0.005429686,819200,841.5413579940796,819200,46.24364
0.0035207437,0.040405273,339.3333333333333,451.7714361666667,0.621078610420227,865,410,10.826448,-0.0077411504,839680,863.6313750743866,839680,64.530785
0.0014902207,0.006713867,230.71428571428572,364.37885642857145,0.9275002405047417,985,420,10.811963,-0.0044600638,860160,884.8885328769684,860160,28.104776
0.0011508152,0.0037841797,427.6,562.7962534000001,0.9365653246641159,1013,430,10.773559,-0.0037549033,880640,905.4188618659973,880640,17.535917
0.001737923,0.013061523,228.16666666666666,361.211241,0.9123662188649178,969,440,10.744319,-0.005604091,901120,926.1683301925659,901120,28.72244
0.0031891228,0.032470703,471.5,603.1418885,0.9354688823223114,969,450,10.7190075,-0.0059807566,921600,946.9527447223663,921600,13.146938
0.0035205837,0.037231445,836.0,961.681732,0.7885306775569916,979,460,10.698025,-0.006183275,942080,967.5912709236145,942080,34.821712
0.004479423,0.053222656,649.0,772.02131775,0.7632013708353043,976,470,10.645831,-0.0050135236,962560,988.3439102172852,962560,38.763725
0.0030812263,0.031982422,742.3333333333334,881.287264,0.8273634314537048,935,480,10.630951,-0.00566336,983040,1012.04669713974,983040,30.754692
0.00061516085,0.0007324219,369.0,498.5011426,0.8558558523654938,940,490,10.612852,-0.002940951,1003520,1034.7499890327454,1003520,41.70961
0.004428363,0.059814453,372.6,494.0951956,0.8254938721656799,948,500,10.601267,-0.006695714,1024000,1057.7325339317322,1024000,45.092316
0.0009652885,0.0024414062,418.0,565.8533994000001,0.9520850777626038,944,510,10.588114,-0.0039324816,1044480,1079.6878259181976,1044480,15.827463
0.0028380093,0.026611328,262.3333333333333,399.7085015555556,0.9105790629982948,835,520,10.576424,-0.007126773,1064960,1101.8375978469849,1064960,43.54045
0.0011612815,0.005004883,268.0,351.8188116,0.7096754312515259,836,530,10.528972,-0.0044188993,1085440,1125.3135313987732,1085440,76.53216
0.0011021774,0.0043945312,312.7142857142857,458.4440298571429,0.9193839952349663,982,540,10.504263,-0.004456574,1105920,1148.5854353904724,1105920,34.385468
0.0007128869,0.0014648438,318.6666666666667,445.80716516666666,0.7430451214313507,949,550,10.523222,-0.0028799572,1126400,1170.2465348243713,1126400,74.64624
0.0022993176,0.018188477,543.8,668.8418733999999,0.7286452054977417,879,560,10.5107,-0.004798161,1146880,1192.4436888694763,1146880,81.73354
0.0025170704,0.020996094,344.6666666666667,445.94699833333334,0.7917337119579315,958,570,10.529497,-0.004880256,1167360,1214.7446398735046,1167360,70.42444
0.0039721956,0.046020508,402.6666666666667,540.7447141666668,0.8858079165220261,958,580,10.544155,-0.0037134537,1187840,1236.8171365261078,1187840,45.23649
0.0050408887,0.06555176,343.6,383.1550816,0.5643770694732666,976,590,10.538286,-0.007913849,1208320,1257.68496966362,1208320,143.38322
0.0018475044,0.010864258,446.8,516.4033912,0.60045126080513,997,600,10.568343,-0.0035714875,1228800,1277.941591501236,1228800,96.39688
0.0022773189,0.014038086,202.8,249.47410490000001,0.6690563559532166,992,610,10.550028,-0.003706418,1249280,1298.2622601985931,1249280,218.20895
0.004036885,0.044433594,289.5,325.2344508333333,0.7790801674127579,999,620,10.533306,-0.0073000607,1269760,1318.3816499710083,1269760,116.83733
0.0011749658,0.003540039,230.22222222222223,319.64959788888893,0.8271726667881012,1004,630,10.522869,-0.0044515533,1290240,1338.795376777649,1290240,110.94284
0.001743743,0.012084961,266.8,330.625218,0.8574798554182053,973,640,10.528091,-0.004936106,1310720,1359.4535422325134,1310720,124.72591
0.0016702453,0.008300781,263.625,315.20272025,0.8139846622943878,871,650,10.525194,-0.0028287747,1331200,1381.5295298099518,1331200,123.39431
0.00081179454,0.0021972656,174.45454545454547,333.01504863636364,0.9506214708089828,978,660,10.528418,-0.0032793575,1351680,1402.791674375534,1351680,33.570873
0.0010296147,0.0015869141,166.5,293.02801507142857,0.9306670725345612,1019,670,10.514175,-0.0052431235,1372160,1423.6658577919006,1372160,48.186592
0.0011801461,0.0040283203,230.55555555555554,405.6594558888889,0.9567096643149853,804,680,10.487247,-0.0036734203,1392640,1445.6420941352844,1392640,29.27415
0.0021321927,0.013183594,255.375,446.70165525,0.9203404486179352,966,690,10.469156,-0.0040857126,1413120,1468.0222492218018,1413120,44.758472
0.001591718,0.01159668,249.75,418.223424125,0.9111678153276443,882,700,10.414294,-0.0042109517,1433600,1489.5077965259552,1433600,59.34184
0.0028106067,0.029907227,226.55555555555554,350.49862866666666,0.858349159359932,968,710,10.411381,-0.006691148,1454080,1510.6522569656372,1454080,112.724976
0.001009775,0.004760742,238.0,344.144864125,0.8535816222429276,983,720,10.403165,-0.004041467,1474560,1531.9513037204742,1474560,116.817505
0.0020529665,0.01586914,352.0,373.90446650000007,0.8308597952127457,942,730,10.405407,-0.0050699785,1495040,1553.265310049057,1495040,154.61055
0.0009730649,0.0018310547,295.25,457.856046625,0.8652311861515045,960,740,10.3852825,-0.0030527967,1515520,1574.6162178516388,1515520,98.150215
0.0026149843,0.021606445,479.5,717.7287287500001,0.8278316855430603,958,750,10.34445,-0.004955448,1536000,1596.002032995224,1536000,73.79737
0.0026816241,0.02722168,422.5,651.4516292499999,0.8159945607185364,1022,760,10.323477,-0.0061783064,1556480,1616.857232093811,1556480,91.174866
0.0036658114,0.037963867,297.42857142857144,587.319058,0.9328366667032242,942,770,10.277115,-0.005863426,1576960,1637.4526875019073,1576960,45.500782
0.0049149725,0.060058594,347.1666666666667,657.5387058333333,0.9432791769504547,969,780,10.255584,-0.006029247,1597440,1659.0578680038452,1597440,34.678215
0.0010645563,0.001953125,249.0,476.21042714285716,0.862122118473053,1050,790,10.231971,-0.0035262466,1617920,1680.225266456604,1617920,75.248695
0.0018460157,0.010375977,347.1666666666667,633.4274664999999,0.8548840135335922,1045,800,10.20661,-0.0038205304,1638400,1699.9983930587769,1638400,76.0483
0.0023856552,0.020507812,347.1666666666667,554.4676324999999,0.8739763647317886,1031,810,10.172956,-0.0044838353,1658880,1720.0228474140167,1658880,92.46129
0.0016180752,0.009155273,501.5,622.14463475,0.7564438432455063,990,820,10.173334,-0.003530401,1679360,1740.4771535396576,1679360,138.57767
0.0015328897,0.009399414,342.6666666666667,645.1220225000001,0.908745065331459,900,830,10.168497,-0.0045228815,1699840,1761.4206154346466,1699840,55.47733
0.009421587,0.1340332,569.3333333333334,783.9798383333333,0.8053184598684311,1015,840,10.144903,-0.007156846,1720320,1783.4627165794373,1720320,65.23866
0.0013968995,0.009155273,385.57142857142856,706.7242944285715,0.9006651863455772,1021,850,10.127781,-0.0032468974,1740800,1803.6018643379211,1740800,71.49539
0.0029855692,0.030639648,348.5,515.2317425,0.899870291352272,1010,860,10.117676,-0.0071723266,1761280,1824.0100152492523,1761280,115.98716
0.0026208702,0.024658203,581.25,791.6889052500001,0.8828198537230492,1032,870,10.0842085,-0.007110357,1781760,1844.1264686584473,1781760,109.22626
0.0021346416,0.016113281,479.5,803.15218125,0.8715310394763947,1019,880,10.064944,-0.0053599207,1802240,1864.2676117420197,1802240,72.66108
0.0066616754,0.08703613,608.0,1110.48886575,0.8968824222683907,965,890,10.037795,-0.010059903,1822720,1885.0789618492126,1822720,49.49789
0.002805836,0.028442383,602.3333333333334,838.0586513333334,0.8193181604146957,1031,900,10.026064,-0.0054390533,1843200,1905.1951715946198,1843200,93.61494
0.0034802966,0.03930664,1000.0,1226.097914,0.5753045082092285,1029,910,10.037411,-0.0060943863,1863680,1925.4547369480133,1863680,133.05452
0.0014533375,0.0037841797,464.5,896.0373725,0.9128279089927673,1010,920,10.031009,-0.0024556362,1884160,1945.6550452709198,1884160,61.090652
0.004130145,0.052246094,270.5,549.5622011666666,0.9105524122714996,998,930,10.004324,-0.006216512,1904640,1966.3816895484924,1904640,58.62201
0.005407228,0.06640625,499.25,872.9181197500001,0.8779183998703957,1032,940,9.975182,-0.0043942304,1925120,1986.7312750816345,1925120,54.927124
0.0013997545,0.0052490234,241.0,506.98750499999994,0.9179995805025101,1034,950,9.943753,-0.0024015643,1945600,2006.7926349639893,1945600,67.125725
0.0044536525,0.052490234,543.3333333333334,811.3773689999999,0.7108270823955536,997,960,9.942906,-0.0068219067,1966080,2026.746279001236,1966080,116.335754
0.003709391,0.041381836,494.4,961.7246812,0.8511735051870346,998,970,9.921489,-0.0066336063,1986560,2046.8215975761414,1986560,117.73838
0.0021184285,0.014526367,438.8,984.1589022,0.9006804898381233,913,980,9.90609,-0.003628326,2007040,2067.327798604965,2007040,86.783646
0.0031097038,0.03564453,436.8,958.4178830000001,0.94220856949687,984,990,9.901935,-0.0064738295,2027520,2088.2558376789093,2027520,44.89348
0.002947987,0.02734375,593.0,945.4788695,0.7824438512325287,985,1000,9.874426,-0.005856215,2048000,2108.9574811458588,2048000,134.05585
0.0034795837,0.03552246,417.0,785.9773286,0.8992186188697815,1015,1010,9.865295,-0.006465124,2068480,2130.2555301189423,2068480,128.16772
0.0019522291,0.013793945,397.4,817.1892064,0.883515015244484,1037,1020,9.832983,-0.0033183093,2088960,2150.9155542850494,2088960,72.81629
0.0008674179,0.0029296875,313.0,647.4184492857142,0.8988883420825005,1032,1030,9.807872,-0.0037045092,2109440,2170.905101299286,2109440,80.644356
0.003197894,0.033447266,242.11111111111111,437.74725433333333,0.8461600691080093,1028,1040,9.779463,-0.0067833625,2129920,2191.3294870853424,2129920,211.1517
0.0034605658,0.03967285,304.2857142857143,669.190863,0.8291589766740799,986,1050,9.763997,-0.0074096797,2150400,2211.8134109973907,2150400,141.88301
0.0036007836,0.041992188,626.0,1070.4414286666668,0.8872543275356293,1022,1060,9.721546,-0.00738822,2170880,2232.6941242218018,2170880,80.52357
0.003534616,0.03955078,432.4,730.2615894,0.8742224425077438,958,1070,9.669063,-0.006637596,2191360,2255.477573156357,2191360,133.29774
0.00439849,0.048950195,401.3333333333333,812.628398,0.9422662146389484,1026,1080,9.631839,-0.0072533055,2211840,2276.2431452274323,2211840,50.871212
0.0049505294,0.06506348,440.0,768.5917050000002,0.852418065071106,1026,1090,9.605544,-0.0064820754,2232320,2296.249648332596,2232320,118.25266
0.0061435876,0.08276367,613.0,1272.84587825,0.905356653034687,1025,1100,9.59603,-0.011587153,2252800,2316.5239033699036,2252800,69.57932
0.0017501615,0.010498047,336.1666666666667,644.7436541666666,0.8814587220549583,956,1110,9.600484,-0.005859766,2273280,2337.262449026108,2273280,151.50032
0.004116908,0.056030273,996.5,1990.9605295000001,0.7441931366920471,1023,1120,9.604502,-0.0073942887,2293760,2357.8049387931824,2293760,113.18262
0.00994488,0.1430664,570.5,1163.7934357499998,0.9182826057076454,1042,1130,9.558874,-0.00359627,2314240,2378.51655626297,2314240,58.30687
0.0018735456,0.010864258,388.8333333333333,755.1165838333333,0.8936403021216393,1023,1140,9.561412,-0.004686659,2334720,2399.1713263988495,2334720,161.21219
0.0025484639,0.022583008,278.1666666666667,647.9603331666667,0.9409436658024788,912,1150,9.559889,-0.007088656,2355200,2419.855409860611,2355200,64.68182
0.0048537026,0.06323242,391.6666666666667,903.5268470000001,0.9346764087677002,989,1160,9.551855,-0.009800015,2375680,2440.6308760643005,2375680,80.83451
0.0018536386,0.013671875,306.2857142857143,721.9579578571428,0.9296425953507423,997,1170,9.552947,-0.00523897,2396160,2460.942562818527,2396160,81.06892
0.0049715852,0.064086914,436.4,1047.4516358,0.8101601898670197,934,1180,9.530567,-0.0059635174,2416640,2483.338009119034,2416640,178.38466
0.002773507,0.02746582,266.0,582.6028405555556,0.8603864163160324,1022,1190,9.525276,-0.0049214894,2437120,2503.449593067169,2437120,161.46565
0.003111107,0.032104492,304.0,660.0860695714285,0.8541969954967499,1007,1200,9.520566,-0.00684666,2457600,2523.781149864197,2457600,147.82883
0.0049733277,0.061035156,362.6666666666667,808.6115213333334,0.8308776319026947,1014,1210,9.509606,-0.008785777,2478080,2544.303764820099,2478080,124.64987
0.0029159517,0.024047852,381.1666666666667,901.3867733333332,0.8416204750537872,1055,1220,9.489414,-0.006662404,2498560,2565.1151344776154,2498560,150.40448
0.0024948302,0.021972656,406.8,951.1636058,0.8197722733020782,990,1230,9.489424,-0.0043629035,2519040,2585.310661792755,2519040,154.5074
0.003092837,0.035888672,630.3333333333334,1338.541275,0.7172157466411591,973,1240,9.48811,-0.005395061,2539520,2606.5448594093323,2539520,151.35783
0.0030294,0.03527832,418.0,937.6660402,0.8896165937185287,1016,1250,9.4635315,-0.006138278,2560000,2626.999294757843,2560000,140.40858
0.0016708274,0.01184082,506.0,1284.6363945,0.8306573927402496,1030,1260,9.430238,-0.004793484,2580480,2648.356186389923,2580480,157.93188
0.0034614955,0.036376953,332.6666666666667,748.836167,0.9456915482878685,945,1270,9.409886,-0.0077353255,2600960,2668.484705209732,2600960,60.78996
0.002448103,0.018310547,351.8,836.8768574,0.8966050669550896,982,1280,9.400952,-0.0046778987,2621440,2689.854229450226,2621440,102.21529
0.003396358,0.03881836,745.0,1698.8935516666668,0.8827256560325623,1024,1290,9.390729,-0.007221443,2641920,2710.6944999694824,2641920,85.24201
0.0045295605,0.051879883,835.5,1722.3951465,0.8939420878887177,1042,1300,9.384337,-0.008410101,2662400,2730.992224216461,2662400,71.76712
0.0035950425,0.03881836,610.75,1136.62055375,0.8853220120072365,1037,1310,9.37198,-0.006961006,2682880,2751.051585674286,2682880,240.1633
0.003931855,0.040649414,499.0,1202.3446713333333,0.9327194467186928,911,1320,9.363553,-0.006513629,2703360,2771.7393934726715,2703360,78.572784
0.0040786266,0.04296875,573.75,1420.36763925,0.9386552795767784,1044,1330,9.353365,-0.005872654,2723840,2792.0909729003906,2723840,68.71585
0.002997551,0.02709961,381.6666666666667,875.7426291666667,0.6534274220466614,956,1340,9.349635,-0.006812432,2744320,2812.3498015403748,2744320,331.0494
0.004390429,0.048583984,356.6666666666667,837.7928513333333,0.7437725961208344,879,1350,9.355941,-0.0057706307,2764800,2833.605044603348,2764800,394.46695
0.002293626,0.017822266,552.75,1353.15710675,0.8235447406768799,930,1360,9.333425,-0.0051993043,2785280,2854.493189573288,2785280,182.15836
0.0032534697,0.033081055,780.0,1994.2174593333336,0.5761862099170685,975,1370,9.320928,-0.0054534865,2805760,2875.18093085289,2805760,293.12152
0.0031580664,0.029174805,534.0,1266.092775,0.8004791438579559,1027,1380,9.31678,-0.0074515576,2826240,2895.570408344269,2826240,182.9817
0.0025735912,0.022583008,502.5,1312.01607775,0.8829050585627556,1034,1390,9.323883,-0.0063149435,2846720,2915.683625459671,2846720,134.74007
0.0021763935,0.018798828,850.0,2332.184543,0.9255585074424744,975,1400,9.325127,-0.0047703176,2867200,2936.6036853790283,2867200,93.57841
0.0030559213,0.03161621,362.6,934.1899046000001,0.9208491817116737,970,1410,9.318682,-0.005432787,2887680,2958.1231429576874,2887680,102.16638
0.002232606,0.018432617,341.0,853.099175,0.9107091724872589,1053,1420,9.313083,-0.0080208415,2908160,2978.6320877075195,2908160,138.2171
0.00452442,0.053710938,494.0,1281.1341652000003,0.8516128063201904,1035,1430,9.323706,-0.003724534,2928640,2999.1788454055786,2928640,207.94656
0.009602564,0.14013672,563.3333333333334,1492.670723,0.9373887181282043,1046,1440,9.322467,-0.0031613281,2949120,3019.4925265312195,2949120,92.836
0.005130454,0.06518555,984.0,2561.0845975,0.7250415980815887,1035,1450,9.319004,-0.0070632105,2969600,3039.8540799617767,2969600,183.95494
0.0011802918,0.004638672,387.5,950.9947299999999,0.8761150017380714,1049,1460,9.352427,-0.0049913996,2990080,3059.916433572769,2990080,199.6209
0.0016563102,0.010131836,724.3333333333334,1972.0494773333332,0.9133337661623955,1031,1470,9.368264,-0.0055518267,3010560,3079.7843067646027,3010560,98.86404
0.001666728,0.008300781,573.75,1247.43815925,0.9406227804720402,998,1480,9.364698,-0.0036760755,3031040,3100.7567551136017,3031040,178.6974
0.0025413134,0.018554688,374.4,933.1853785999999,0.9418770149350166,916,1490,9.351636,-0.0039654183,3051520,3121.827255010605,3051520,103.41691
0.0027026546,0.022216797,804.0,1989.3821874999999,0.6113709211349487,986,1500,9.328853,-0.0024834864,3072000,3142.3344604969025,3072000,247.13806
0.010744416,0.15124512,1000.0,2663.4072484999997,0.23148280382156372,1006,1510,9.363816,-0.00803764,3092480,3164.424488067627,3092480,354.05212
0.006157899,0.08190918,715.6666666666666,1136.0478396666667,0.7085040509700775,974,1520,9.398758,-0.0065502473,3112960,3185.7973368167877,3112960,242.70819
0.0064426935,0.08581543,911.5,2430.1496235,0.7871046811342239,1003,1530,9.373943,-0.008077916,3133440,3207.075172185898,3133440,154.43192
0.0036257086,0.03894043,787.0,1659.4468539999998,0.5905545949935913,993,1540,9.35697,-0.005367472,3153920,3227.750396966934,3153920,312.75302
0.0025389683,0.025024414,838.5,2049.3982809999998,0.6717348992824554,1012,1550,9.341609,-0.005056433,3174400,3248.6066279411316,3174400,184.9902
0.0030242873,0.029663086,527.6666666666666,1268.7155003333335,0.9095373898744583,1004,1560,9.340495,-0.0058085523,3194880,3268.6610023975372,3194880,92.77277
0.0020872334,0.013061523,832.3333333333334,2213.921956333333,0.7303535640239716,921,1570,9.346119,-0.0041977023,3215360,3289.126277923584,3215360,279.29462
0.0037728553,0.041748047,755.3333333333334,1661.1518316666668,0.8466691076755524,894,1580,9.359317,-0.00820923,3235840,3309.8194727897644,3235840,311.4998
0.0026958592,0.026977539,657.3333333333334,1648.3266746666666,0.8609283566474915,1010,1590,9.338274,-0.007853156,3256320,3330.7789828777313,3256320,130.27144
0.0012378244,0.005493164,407.25,946.0782035,0.8964908346533775,958,1600,9.336017,-0.004443939,3276800,3352.2475764751434,3276800,136.59023
0.0022066652,0.012084961,642.0,1571.8891572500002,0.7559020817279816,1017,1610,9.355266,-0.0015933366,3297280,3373.7700271606445,3297280,261.73773
0.0033572707,0.029541016,522.0,1324.23365,0.9034989029169083,897,1620,9.328013,-0.0031300518,3317760,3394.6984674930573,3317760,104.94999
0.0045344415,0.052490234,591.5,1541.9167189999998,0.7318464517593384,1002,1630,9.330152,-0.0071253376,3338240,3415.2185955047607,3338240,187.53961
0.00321109,0.03552246,697.5,1764.1732954999998,0.7305131256580353,1040,1640,9.324367,-0.0033325064,3358720,3436.3590881824493,3358720,187.6782
0.0009622444,0.0029296875,366.25,959.875261,0.9356575831770897,1043,1650,9.3065405,-0.0042717545,3379200,3458.2814679145813,3379200,93.77002
0.0032575107,0.032470703,726.6666666666666,1862.555383,0.6021327972412109,1021,1660,9.320187,-0.0044510234,3399680,3478.3537945747375,3399680,354.74683
0.0036297971,0.039794922,760.6666666666666,1939.691168333333,0.6243335604667664,938,1670,9.317001,-0.0061239526,3420160,3499.4503824710846,3420160,301.82684
0.0041532153,0.049438477,345.7142857142857,825.0767327142856,0.8528276234865189,859,1680,9.323442,-0.0057934443,3440640,3521.0117285251617,3440640,263.1009
0.0039942893,0.04736328,621.5,1589.5129485000002,0.8978394120931625,981,1690,9.3255625,-0.008969742,3461120,3542.6808729171753,3461120,79.5673
0.0049825516,0.056884766,550.25,1188.307383,0.8292200416326523,1000,1700,9.336167,-0.006319572,3481600,3564.507556915283,3481600,291.0928
0.0053188005,0.06201172,475.5,1098.89632225,0.7244609296321869,1042,1710,9.338615,-0.004205848,3502080,3584.8366725444794,3502080,338.1828
0.0023012715,0.018798828,920.0,2525.3628815,0.6245875060558319,960,1720,9.369597,-0.003252616,3522560,3605.3813660144806,3522560,232.62329
0.006485423,0.083618164,863.5,2337.524447,0.8040538728237152,938,1730,9.357001,-0.008190108,3543040,3625.804792165756,3543040,174.6315
0.0053989002,0.06970215,1000.0,2483.3646934999997,0.6412789821624756,932,1740,9.360319,-0.0039234967,3563520,3646.861194372177,3563520,339.7656
0.006331861,0.087646484,262.0,411.9166472,0.9233745113015175,975,1750,9.367521,-0.0062504658,3584000,3667.6839969158173,3584000,275.08975
0.0030986143,0.029052734,525.0,1159.71726975,0.6844314932823181,915,1760,9.3747015,-0.005444764,3604480,3688.5511984825134,3604480,306.07437
0.002599164,0.022460938,710.0,1754.5032146666665,0.67645263671875,1004,1770,9.41471,-0.00530932,3624960,3709.178252220154,3624960,180.98633
0.0017061722,0.0126953125,763.0,1994.0268930000002,0.6954314112663269,982,1780,9.428101,-0.003765753,3645440,3729.800152540207,3645440,222.59229
0.0071274866,0.09326172,1000.0,2557.6490405,0.17868965864181519,1039,1790,9.418845,-0.008532881,3665920,3749.9795298576355,3665920,276.90408
0.0030073333,0.028442383,563.25,1420.701431,0.8065736293792725,1027,1800,9.400983,-0.004893007,3686400,3769.9491188526154,3686400,248.5474
0.005894401,0.07458496,577.25,1512.974655,0.8121271878480911,1033,1810,9.373637,-0.007731253,3706880,3789.8988168239594,3706880,231.24406
0.0015592105,0.009643555,506.5,1410.4586995,0.7228870689868927,1013,1820,9.353031,-0.005918391,3727360,3810.142184972763,3727360,271.78137
0.002202159,0.017700195,803.3333333333334,2073.9385643333335,0.8546237647533417,1052,1830,9.3099575,-0.004701422,3747840,3830.3750381469727,3747840,201.115
0.011430855,0.15490723,1000.0,2733.3376435,0.3278278708457947,1033,1840,9.304406,-0.00784585,3768320,3850.5443453788757,3768320,308.27933
0.0057175313,0.07080078,694.6666666666666,1771.4594830000003,0.6772994101047516,930,1850,9.336136,-0.010234572,3788800,3870.8043751716614,3788800,344.22116
0.0038719592,0.047607422,524.6,1395.8302241999997,0.7637834399938583,1045,1860,9.374236,-0.0062990803,3809280,3890.8573870658875,3809280,390.88382
0.0029783193,0.026367188,1000.0,2660.026994,0.5478310286998749,1029,1870,9.381016,-0.0041622673,3829760,3910.9587416648865,3829760,209.93448
0.003923429,0.05102539,922.5,2644.4458910000003,0.628683865070343,1039,1880,9.389458,-0.007170446,3850240,3931.0478496551514,3850240,222.04582
0.005901739,0.075805664,984.0,2490.4347353333337,0.6495641469955444,1046,1890,9.390974,-0.0054453225,3870720,3951.1220729351044,3870720,259.3915
0.0067985132,0.087402344,957.3333333333334,2571.82036,0.48623114824295044,1037,1900,9.415504,-0.0056311665,3891200,3971.1956174373627,3891200,346.31488
0.002228665,0.015625,958.5,2631.209557,0.718775600194931,1039,1910,9.428035,-0.0020355354,3911680,3992.0291199684143,3911680,211.84265
0.0014663755,0.004760742,969.0,2474.6102410000003,0.6116082668304443,1013,1920,9.447459,-0.0025771626,3932160,4013.674236059189,3932160,206.25049
0.0025664654,0.023071289,717.6666666666666,1961.7195490000001,0.41642290353775024,1024,1930,9.44005,-0.003080728,3952640,4033.636984348297,3952640,373.7925
0.00624857,0.08227539,586.3333333333334,1522.7731210000002,0.8119973540306091,1043,1940,9.433832,-0.009513179,3973120,4054.015055179596,3973120,204.18495
0.008695652,0.11291504,1000.0,2584.544758,0.39969348907470703,1031,1950,9.427197,-0.009283854,3993600,4073.9846563339233,3993600,296.69885
0.00831564,0.10913086,630.0,1619.2596920000003,0.7941327542066574,1046,1960,9.416342,-0.009081254,4014080,4094.1901366710663,4014080,424.30692
0.004392475,0.051757812,750.6666666666666,2039.1418306666667,0.6232219934463501,1031,1970,9.406124,-0.00801839,4034560,4114.104360103607,4034560,329.69992
0.008123653,0.104003906,615.0,1619.93387,0.8236478418111801,1036,1980,9.379477,-0.0036098268,4055040,4134.292574882507,4055040,245.73555
0.013076948,0.15600586,1000.0,2704.191449,0.2325947880744934,1048,1990,9.384656,-0.0069129462,4075520,4154.2582654953,4075520,309.85788
0.002397376,0.013793945,726.3333333333334,1855.2505523333336,0.8454727679491043,1046,2000,9.336141,-0.0030077882,4096000,4174.35470700264,4096000,312.39618
0.0015743882,0.007080078,743.6666666666666,1907.2043156666668,0.6296575665473938,1009,2010,9.358166,-0.0045292247,4116480,4194.2301461696625,4116480,357.75952
0.0067700073,0.08972168,545.5,1465.822632,0.8292074799537659,1017,2020,9.3412485,-0.006325974,4136960,4214.257360219955,4136960,195.39008
0.0044782264,0.057739258,1000.0,2550.9269535000003,0.46942538022994995,1016,2030,9.35056,-0.008839436,4157440,4234.325360059738,4157440,288.6956
0.002689804,0.024902344,788.0,1905.4888409999999,0.7663119286298752,1012,2040,9.360295,-0.0038546026,4177920,4254.1704313755035,4177920,193.95361
0.002746257,0.029174805,624.3333333333334,1410.9884679999998,0.8607365041971207,1046,2050,9.37625,-0.0038867723,4198400,4274.076555252075,4198400,268.2609
0.0036827219,0.041259766,692.5,1858.3094070000002,0.6856218576431274,1003,2060,9.38428,-0.007828284,4218880,4294.1571362018585,4218880,220.28816
0.004274739,0.048461914,645.6666666666666,1669.989888666667,0.8930783420801163,1005,2070,9.3967085,-0.007951883,4239360,4314.162443399429,4239360,221.38074
0.0044730925,0.057495117,874.0,2364.204923333333,0.5994835197925568,1011,2080,9.401798,-0.00800061,4259840,4334.127581119537,4259840,345.13794
0.004807849,0.05529785,1000.0,2673.2587894999997,0.6104394495487213,1023,2090,9.409716,-0.01037809,4280320,4354.5335252285,4280320,244.49554
0.008364499,0.119628906,671.0,1819.591483,0.7690843641757965,1032,2100,9.402544,-0.0064657973,4300800,4374.5131204128265,4300800,181.02835
0.0047075814,0.055541992,587.25,1575.6732742499998,0.6915002763271332,1038,2110,9.409344,-0.0057483157,4321280,4394.728646278381,4321280,368.87335
0.0048053158,0.05444336,467.25,1269.72716775,0.8576933592557907,1029,2120,9.390348,-0.007772998,4341760,4414.780212879181,4341760,200.78027
0.0025585191,0.026611328,476.5,1202.2789585,0.9469410926103592,1045,2130,9.392708,-0.0067391135,4362240,4435.055858373642,4362240,126.04245
0.0037570028,0.041503906,553.8,1464.2238644,0.7404291033744812,1041,2140,9.397935,-0.005088048,4382720,4455.254468679428,4382720,442.4785
0.0005982191,0.0009765625,384.5,1074.1389632500002,0.7708903700113297,1028,2150,9.399628,-0.002986531,4403200,4475.435816526413,4403200,298.035
0.0034310848,0.037597656,721.0,1955.9957066666666,0.581370085477829,1017,2160,9.3946,-0.005001267,4423680,4495.428134202957,4423680,352.66995
0.0040547703,0.043823242,329.6666666666667,591.4765391666667,0.9088302254676819,1037,2170,9.3893175,-0.002742838,4444160,4515.395252227783,4444160,425.94434
0.0047655767,0.059936523,898.5,2476.641759,0.6254413425922394,938,2180,9.383568,-0.008155735,4464640,4535.81169128418,4464640,215.65668
0.006333979,0.08129883,723.6666666666666,1913.245619666667,0.48294562101364136,1017,2190,9.386215,-0.0041774483,4485120,4556.268173217773,4485120,380.87674
0.0022710639,0.020751953,771.0,2037.2154499999997,0.41784214973449707,1022,2200,9.410397,-0.0037959837,4505600,4576.226001501083,4505600,371.3213
0.0056492663,0.07458496,994.3333333333334,2623.8498016666667,0.4040236473083496,1027,2210,9.433236,-0.008660789,4526080,4596.333376169205,4526080,390.5244
0.006807454,0.08911133,761.6666666666666,1995.2493803333334,0.5886697769165039,1000,2220,9.414046,-0.0064615887,4546560,4616.477022886276,4546560,322.45572
0.0041272743,0.04699707,702.6666666666666,1781.5826596666666,0.7408605813980103,1013,2230,9.454643,-0.0065458827,4567040,4637.180184364319,4567040,250.2281
0.0022098827,0.022583008,692.6666666666666,1806.422193333333,0.7077974379062653,1033,2240,9.439876,-0.0069240946,4587520,4658.985875606537,4587520,257.31644
0.0023492156,0.021240234,569.3333333333334,1530.164915,0.6385366916656494,967,2250,9.417876,-0.0051849806,4608000,4679.453196048737,4608000,281.18042
0.008288855,0.10803223,725.0,2100.6799743333336,0.539035826921463,1033,2260,9.43968,-0.00698888,4628480,4699.902514696121,4628480,344.43216
0.0038483534,0.04650879,437.2,1003.638927,0.8814055547118187,1003,2270,9.451599,-0.008046538,4648960,4720.278496980667,4648960,338.78857
0.002395548,0.022460938,370.0,930.8909737500001,0.8565298914909363,1027,2280,9.453303,-0.005729893,4669440,4740.801613807678,4669440,299.59555
0.00517319,0.064453125,411.6,1056.7690296,0.89092106372118,1009,2290,9.4390545,-0.005520949,4689920,4761.093302726746,4689920,178.48392
0.0099991,0.1274414,410.6666666666667,1070.7839893333332,0.9098623394966125,1021,2300,9.414309,-0.008560212,4710400,4781.243803977966,4710400,110.59062
0.0041206493,0.051879883,728.3333333333334,1964.9127423333332,0.5180811583995819,1010,2310,9.399842,-0.00350946,4730880,4801.2702667713165,4730880,313.11838
0.0010422294,0.0026855469,710.5,1866.3269765000002,0.701492965221405,980,2320,9.384394,-0.0030006263,4751360,4821.371573925018,4751360,355.91608
0.0038354388,0.04626465,631.25,1631.48096925,0.6979629695415497,1171,2330,9.365945,-0.007367445,4771840,4839.965132951736,4771840,385.93173
0.0013248329,0.005859375,635.5,1684.865191,0.9061165899038315,1202,2340,9.348744,-0.0041186367,4792320,4857.539018392563,4792320,254.05316
0.0103098545,0.13647461,1000.0,2691.066259,0.3149935007095337,1205,2350,9.385615,-0.008452503,4812800,4875.0435490608215,4812800,331.78583
0.01080711,0.15026855,1000.0,2856.225407,0.3486011028289795,1185,2360,9.4079,-0.0065124575,4833280,4892.604099988937,4833280,323.0371
0.0058059464,0.07702637,1000.0,2817.6645125,0.45590364933013916,1201,2370,9.411432,-0.006264464,4853760,4909.8739240169525,4853760,373.77753
0.003342914,0.034179688,343.4,946.8595253999999,0.9312141016125679,1195,2380,9.407243,-0.0043117097,4874240,4927.206650018692,4874240,137.03331
0.0040604887,0.04711914,872.0,2468.278091,0.8118341714143753,1149,2390,9.432829,-0.0053911787,4894720,4944.805475234985,4894720,149.84276
0.00096464355,0.0052490234,372.3333333333333,1041.72956,0.9193074926733971,1075,2400,9.431862,-0.003954256,4915200,4962.4184782505035,4915200,115.834526
0.0041243704,0.040771484,625.3333333333334,1734.3971483333335,0.7967145591974258,1168,2410,9.459271,-0.0024275358,4935680,4980.560510396957,4935680,215.9028
0.0056244875,0.0748291,489.8,1238.224591,0.8431662917137146,1195,2420,9.4434185,-0.0065773153,4956160,4998.176512956619,4956160,515.5946
0.004398381,0.060668945,865.3333333333334,2498.585782666667,0.6289753019809723,1114,2430,9.488085,-0.0049341344,4976640,5016.679190397263,4976640,325.60767
0.008172183,0.11022949,953.0,2487.2317359999997,0.132709801197052,1249,2440,9.488982,-0.004006182,4997120,5034.2259612083435,4997120,343.08246
